-- One admin user, named admin1 with passwor 4dm1n and authority admin
INSERT INTO users(username,password,name,enabled) VALUES ('admin1','4dm1n','Admin',TRUE);
INSERT INTO authorities(id,username,authority) VALUES (1,'admin1','admin');

INSERT INTO users(username,password,name,enabled) VALUES ('player1','player1','Pepe',TRUE);
INSERT INTO authorities(id,username,authority) VALUES (2,'player1','player');
INSERT INTO users(username,password,name,enabled) VALUES ('player2','player2','Manolo',TRUE);
INSERT INTO authorities(id,username,authority) VALUES (3,'player2','player');

INSERT INTO vets(id, first_name,last_name) VALUES (1, 'James', 'Carter');
INSERT INTO vets(id, first_name,last_name) VALUES (2, 'Helen', 'Leary');
INSERT INTO vets(id, first_name,last_name) VALUES (3, 'Linda', 'Douglas');
INSERT INTO vets(id, first_name,last_name) VALUES (4, 'Rafael', 'Ortega');
INSERT INTO vets(id, first_name,last_name) VALUES (5, 'Henry', 'Stevens');
INSERT INTO vets(id, first_name,last_name) VALUES (6, 'Sharon', 'Jenkins');

INSERT INTO specialties VALUES (1, 'radiology');
INSERT INTO specialties VALUES (2, 'surgery');
INSERT INTO specialties VALUES (3, 'dentistry');

INSERT INTO vet_specialties VALUES (2, 1);
INSERT INTO vet_specialties VALUES (3, 2);
INSERT INTO vet_specialties VALUES (3, 3);
INSERT INTO vet_specialties VALUES (4, 2);
INSERT INTO vet_specialties VALUES (5, 1);

INSERT INTO types VALUES (1, 'cat');
INSERT INTO types VALUES (2, 'dog');
INSERT INTO types VALUES (3, 'lizard');
INSERT INTO types VALUES (4, 'snake');
INSERT INTO types VALUES (5, 'bird');
INSERT INTO types VALUES (6, 'hamster');
INSERT INTO types VALUES (7, 'turtle');

INSERT INTO owners VALUES (1, 'George', 'Franklin', 'player1');
INSERT INTO owners VALUES (2, 'Betty', 'Davis', 'player1');
INSERT INTO owners VALUES (3, 'Eduardo', 'Rodriquez', 'player1');
INSERT INTO owners VALUES (4, 'Harold', 'Davis', 'player1');
INSERT INTO owners VALUES (5, 'Peter', 'McTavish', 'player1');
INSERT INTO owners VALUES (6, 'Jean', 'Coleman', 'player1');
INSERT INTO owners VALUES (7, 'Jeff', 'Black', 'player1');
INSERT INTO owners VALUES (8, 'Maria', 'Escobito', 'player1');
INSERT INTO owners VALUES (9, 'David', 'Schroeder', 'player1');
INSERT INTO owners VALUES (10, 'Carlos', 'Estaban', 'player1');

INSERT INTO pets(id,name,birth_date,type_id,owner_id) VALUES (1, 'Leo', '2010-09-07', 1, 1);
INSERT INTO pets(id,name,birth_date,type_id,owner_id) VALUES (2, 'Basil', '2012-08-06', 6, 2);
INSERT INTO pets(id,name,birth_date,type_id,owner_id) VALUES (3, 'Rosy', '2011-04-17', 2, 3);
INSERT INTO pets(id,name,birth_date,type_id,owner_id) VALUES (4, 'Jewel', '2010-03-07', 2, 3);
INSERT INTO pets(id,name,birth_date,type_id,owner_id) VALUES (5, 'Iggy', '2010-11-30', 3, 4);
INSERT INTO pets(id,name,birth_date,type_id,owner_id) VALUES (6, 'George', '2010-01-20', 4, 5);
INSERT INTO pets(id,name,birth_date,type_id,owner_id) VALUES (7, 'Samantha', '2012-09-04', 1, 6);
INSERT INTO pets(id,name,birth_date,type_id,owner_id) VALUES (8, 'Max', '2012-09-04', 1, 6);
INSERT INTO pets(id,name,birth_date,type_id,owner_id) VALUES (9, 'Lucky', '2011-08-06', 5, 7);
INSERT INTO pets(id,name,birth_date,type_id,owner_id) VALUES (10, 'Mulligan', '2007-02-24', 2, 8);
INSERT INTO pets(id,name,birth_date,type_id,owner_id) VALUES (11, 'Freddy', '2010-03-09', 5, 9);
INSERT INTO pets(id,name,birth_date,type_id,owner_id) VALUES (12, 'Lucky', '2010-06-24', 2, 10);
INSERT INTO pets(id,name,birth_date,type_id,owner_id) VALUES (13, 'Sly', '2012-06-08', 1, 10);

INSERT INTO visits(id,pet_id,visit_date,description) VALUES (1, 7, '2013-01-01', 'rabies shot');
INSERT INTO visits(id,pet_id,visit_date,description) VALUES (2, 8, '2013-01-02', 'rabies shot');
INSERT INTO visits(id,pet_id,visit_date,description) VALUES (3, 8, '2013-01-03', 'neutered');
INSERT INTO visits(id,pet_id,visit_date,description) VALUES (4, 7, '2013-01-04', 'spayed');

